Workbook

Sheet CRM Data
A1: Studio Name | B1: Phone # | C1: Email | D1: Type of Contact | E1: Last Contacted | F1: Next Follow-Up | G1: Contact Frequency | H1: Contacted Button | I1: Studio Promo | J1: Recital | K1: Studio Sage | L1: Notes | M1: Recital Date
A2: LT Dance Studios | B2: (250) 661-1767 | C2: ltdancestudios@gmail.com | E2: 44840 | F2: =IF(G2="Weekly",E2+7,IF(G2="Bi-Weekly",E2+14,IF(G2="Monthly",E2+30,IF(G2="Quarterly",E2+90,IF(G2="Annually",E2+365,""))))) | H2: FALSE | I2: Not Interested | J2: Not Interested | K2: Not Contacted | L2: in vancouver, might like SS
A3: Elite Dance Project | C3: info.elitedanceproject@gmail.com | E3: 45330 | F3: =IF(G3="Weekly",E3+7,IF(G3="Bi-Weekly",E3+14,IF(G3="Monthly",E3+30,IF(G3="Quarterly",E3+90,IF(G3="Annually",E3+365,""))))) | H3: FALSE | I3: Not Contacted | J3: Previous Client | K3: Not Contacted | L3: Booked in 2022, spooked by price in 2023
A4: ADA Dance | C4: mindy.adadance@gmail.com | E4: 45433 | F4: =IF(G4="Weekly",E4+7,IF(G4="Bi-Weekly",E4+14,IF(G4="Monthly",E4+30,IF(G4="Quarterly",E4+90,IF(G4="Annually",E4+365,""))))) | H4: FALSE | I4: Not Contacted | J4: Not Contacted | K4: Not Contacted | L4: met through UDC, never spoken with us directly
A5: Cirque Revolution | C5: elisa@cirquerevolution.ca | E5: 45539 | F5: =IF(G5="Weekly",E5+7,IF(G5="Bi-Weekly",E5+14,IF(G5="Monthly",E5+30,IF(G5="Quarterly",E5+90,IF(G5="Annually",E5+365,""))))) | H5: FALSE | I5: Not Contacted | J5: Previous Client | K5: Not Contacted | L5: Did brief recitals in 24, unlikely to book
A6: Hype Danz | C6: hypedanz@yahoo.ca | E6: 45585 | F6: =IF(G6="Weekly",E6+7,IF(G6="Bi-Weekly",E6+14,IF(G6="Monthly",E6+30,IF(G6="Quarterly",E6+90,IF(G6="Annually",E6+365,""))))) | H6: TRUE | I6: Previous Client | J6: Not Contacted | K6: Not Contacted | L6: Peterborough, liked their promo, may do a recital, will like SS
A7: The Dance Class Milton | C7: kelly@thedanceclassmilton.com | E7: 45586 | F7: =IF(G7="Weekly",E7+7,IF(G7="Bi-Weekly",E7+14,IF(G7="Monthly",E7+30,IF(G7="Quarterly",E7+90,IF(G7="Annually",E7+365,""))))) | H7: FALSE | I7: Not Contacted | J7: Previous Client | K7: Not Contacted | L7: Previous nutcracker, hasn't responded to further followups
A8: Impact Dance Complex | C8: linnea@impactdancecomplex.ca | E8: 45938.452 | F8: =IF(G8="Weekly",E8+7,IF(G8="Bi-Weekly",E8+14,IF(G8="Monthly",E8+30,IF(G8="Quarterly",E8+90,IF(G8="Annually",E8+365,""))))) | H8: TRUE | I8: Previous Client | J8: Not Contacted | K8: Not Contacted | L8: Did a promo and they liked it, never did recital, will like SS
A9: Global Dance Open | C9: accounts@globaldanceopen.com | E9: 45677 | F9: =IF(G9="Weekly",E9+7,IF(G9="Bi-Weekly",E9+14,IF(G9="Monthly",E9+30,IF(G9="Quarterly",E9+90,IF(G9="Annually",E9+365,""))))) | H9: FALSE | I9: Not Contacted | J9: Previous Client | K9: Not Contacted | L9: Will book 26 no dates yet
A10: The Academy Circus | B10: (519) 441-0482 | C10: meaghanwegg@gmail.com | E10: 45697 | F10: =IF(G10="Weekly",E10+7,IF(G10="Bi-Weekly",E10+14,IF(G10="Monthly",E10+30,IF(G10="Quarterly",E10+90,IF(G10="Annually",E10+365,""))))) | H10: FALSE | I10: Not Interested | J10: Previous Client | K10: Not Contacted | L10: Bit of a cheapskat
A11: Poise Dance Academy | C11: comp@poisedance.ca | E11: 45792 | F11: =IF(G11="Weekly",E11+7,IF(G11="Bi-Weekly",E11+14,IF(G11="Monthly",E11+30,IF(G11="Quarterly",E11+90,IF(G11="Annually",E11+365,""))))) | H11: FALSE | I11: Not Contacted | J11: Not Contacted | K11: Not Contacted | L11: Through UDC, never worked with directly
A12: Footprints Dance Centre | B12: (519) 532-4905 | C12: info@footprintsdancecentre.com | E12: 45891 | F12: =IF(G12="Weekly",E12+7,IF(G12="Bi-Weekly",E12+14,IF(G12="Monthly",E12+30,IF(G12="Quarterly",E12+90,IF(G12="Annually",E12+365,""))))) | H12: FALSE | I12: Previous Client | J12: Not Interested | K12: Proposal Sent | L12: Needs nudging through Taylor for StudioSage, might do more promos for reno
A13: Dance In Style Studio | C13: info@dancewoodstock.com | E13: 45910 | H13: FALSE | I13: Previous Client | J13: Not Contacted | K13: Not Contacted | L13: Needs followup on SS
A14: Woodstock School of Dance Yoga | C14: info@dancewoodstock.com | E14: 45910 | F14: =IF(G14="Weekly",E14+7,IF(G14="Bi-Weekly",E14+14,IF(G14="Monthly",E14+30,IF(G14="Quarterly",E14+90,IF(G14="Annually",E14+365,""))))) | H14: FALSE | I14: Purchased | J14: Not Interested | K14: Proposal Sent | L14: Will do promo, have their own recital guy, will like SS
A15: JJ Dance Arts | B15: (647) 328-6251 | C15: jj@dancearts.ca | E15: 45928 | F15: =IF(G15="Weekly",E15+7,IF(G15="Bi-Weekly",E15+14,IF(G15="Monthly",E15+30,IF(G15="Quarterly",E15+90,IF(G15="Annually",E15+365,""))))) | H15: FALSE | I15: Not Contacted | J15: Interested | K15: Not Contacted | L15: Booking for fall recital, they have a spring one too, flat rates cheapskates
A16: 7Attitudes | C16: customerservice@7attitudes.ca | E16: 45937.412 | F16: =IF(G16="Weekly",E16+7,IF(G16="Bi-Weekly",E16+14,IF(G16="Monthly",E16+30,IF(G16="Quarterly",E16+90,IF(G16="Annually",E16+365,""))))) -> 45944.412 | G16: Weekly | H16: TRUE | I16: Not Contacted | J16: Penciled | K16: Not Contacted | L16: Will book for 26, ready for builder
A17: Generations Performing Arts | B17: (647) 281-5503 | C17: connect@generationsperformingarts.com | E17: 45937.413 | F17: =IF(G17="Weekly",E17+7,IF(G17="Bi-Weekly",E17+14,IF(G17="Monthly",E17+30,IF(G17="Quarterly",E17+90,IF(G17="Annually",E17+365,""))))) -> 45944.413 | G17: Weekly | H17: TRUE | I17: Contacted | J17: Not Interested | K17: Not Contacted | L17: Decided againt livestream for 26
A18: Lindsay Dance Studio | C18: alana.lindsaydancestudio@gmail.com | E18: 45937.414 | G18: Weekly | H18: TRUE | I18: Not Contacted | J18: Penciled | K18: Not Contacted | L18: Will book for 26, under new leadership,
A19: Kinetic Elements Dance | C19: kineticelementsdance@gmail.com | E19: 45937.415 | G19: Weekly | H19: TRUE | I19: Not Contacted | J19: Penciled | K19: Interested | L19: Paid late 25, should book for 26, have mentioned SS
A20: Grand River Dance | C20: misslaura@grandriverdance.com | E20: 45937.416 | F20: =IF(G20="Weekly",E20+7,IF(G20="Bi-Weekly",E20+14,IF(G20="Monthly",E20+30,IF(G20="Quarterly",E20+90,IF(G20="Annually",E20+365,""))))) -> 45944.416 | G20: Weekly | H20: TRUE | I20: Contacted | J20: Penciled | K20: Purchased | L20: Had trouble with SS, will book for 26 recital, always mentions promo
A21: CE Dance Studio | B21: (905) 315-0840 | C21: cedancestudio@gmail.com | E21: 45937.424 | F21: =IF(G21="Weekly",E21+7,IF(G21="Bi-Weekly",E21+14,IF(G21="Monthly",E21+30,IF(G21="Quarterly",E21+90,IF(G21="Annually",E21+365,""))))) -> 45944.424 | G21: Weekly | H21: TRUE | I21: Not Contacted | J21: Previous Client | K21: Not Contacted | L21: Was grumpy after 24, should ask about 26
A22: Kerry Moore School of Dance | C22: ksm665@gmail.com | E22: 45938 | G22: Weekly | H22: TRUE | I22: Not Contacted | J22: Interested | K22: Not Interested | L22: Big recital for 26, needs builder, passed on SS for this year
A23: SB Dance Studios | C23: sbdancecommunications@gmail.com | E23: 45938 | H23: TRUE | I23: Not Contacted | J23: Interested | K23: Interested | L23: Emily on behalf of Sandra, big recital, likes SS hasn't signed up
A24: Caledonia School of Dance | C24: caledoniadance@hotmail.com | E24: 45938.426 | H24: TRUE | I24: Purchased | J24: Penciled | K24: Purchased
A25: Legends School of Dance | C25: jade.percival@hotmail.ca | E25: 45938.432 | F25: =IF(G25="Weekly",E25+7,IF(G25="Bi-Weekly",E25+14,IF(G25="Monthly",E25+30,IF(G25="Quarterly",E25+90,IF(G25="Annually",E25+365,""))))) -> 45945.432 | G25: Weekly | H25: TRUE | I25: Not Interested | J25: Interested | K25: Proposal Sent | L25: Interested for 26, might need nudging, knows about SS
A26: Burlington Footnotes | C26: sepritchard53@gmail.com | E26: 45939.323 | H26: TRUE | I26: Interested | J26: Interested | K26: Not Contacted
H27: FALSE
H28: FALSE
H29: FALSE
H30: FALSE
H31: FALSE
H32: FALSE
H33: FALSE
H34: FALSE
H35: FALSE
H36: FALSE
H37: FALSE
H38: FALSE
... H46: FALSE

Sheet Dashboard
A1: CRM Dashboard
A3: Product Status Summary
A4: Product | B4: Not Contacted | C4: Interested | D4: Proposal Sent | E4: Purchased | F4: Not Interested
A5: Studio Promo | B5: =COUNTIF('CRM Data'!I2:I988,"Not Contacted") -> 13 | C5: =COUNTIF('CRM Data'!I2:I988,"Interested") -> 1 | D5: =COUNTIF('CRM Data'!I2:I988,"Proposal Sent") -> 0 | E5: =COUNTIF('CRM Data'!I2:I988,"Purchased") -> 2 | F5: =COUNTIF('CRM Data'!I2:I988,"Not Interested") -> 3
A6: Recital | B6: =COUNTIF('CRM Data'!J2:J988,"Not Contacted") -> 5 | C6: =COUNTIF('CRM Data'!J2:J988,"Interested") -> 5 | D6: =COUNTIF('CRM Data'!J2:J988,"Proposal Sent") -> 0 | E6: =COUNTIF('CRM Data'!J2:J988,"Purchased") -> 0 | F6: =COUNTIF('CRM Data'!J2:J988,"Not Interested") -> 4
A7: Studio Sage | B7: =COUNTIF('CRM Data'!K2:K988,"Not Contacted") -> 17 | C7: =COUNTIF('CRM Data'!K2:K988,"Interested") -> 2 | D7: =COUNTIF('CRM Data'!K2:K988,"Proposal Sent") -> 3 | E7: =COUNTIF('CRM Data'!K2:K988,"Purchased") -> 2 | F7: =COUNTIF('CRM Data'!K2:K988,"Not Interested") -> 1
A9: Follow-up Summary
A10: Overdue Follow-ups: | B10: =COUNTIF('CRM Data'!F2:F988,"<"&TODAY()) -> 5
A11: Due Within 3 Days: | B11: =COUNTIFS('CRM Data'!F2:F988,">="&TODAY(),'CRM Data'!F2:F988,"<="&TODAY()+3) -> 0
A12: Completed This Week: | B12: =COUNTIFS('CRM Data'!E2:E988,">="&TODAY()-7,'CRM Data'!E2:E988,"<="&TODAY()) -> 0
A14: Recent Activity
A15: Clients contacted in last 30 days: | B15: =COUNTIFS('CRM Data'!E2:E988,">="&TODAY()-30) -> 0
